"Transaction Hash","Blockno","UnixTimestamp","DateTime (UTC)","From","To","ContractAddress","Value_IN(ETH)","Value_OUT(ETH)","CurrentValue @ $0/Eth","TxnFee(ETH)","TxnFee(USD)","Historical $Price/Eth","Status","ErrCode","Method"
"0xb5ddbe4cb73f9880d9068cfa304a8e8e9fec487f13cf58294f37af5129b817ed","9391800","1760219304","2025-10-11 21:48:24","0x9c77c6fafc1eb0821f1de12972ef0199c97c6e45","0x8453fc6cd1bcfe8d4dfc069c400b433054d47bdc","","0","0.056757439535112014","0","0.000000111647646836","0","","","","Deposit"
"0xaa8052268c81ab21a85ea5e7aaedc01d2b99cb3d958d02415f2ab79a0aab9bce","9455841","1761008784","2025-10-21 01:06:24","0x9c77c6fafc1eb0821f1de12972ef0199c97c6e45","0x4e59b44847b379578588920ca78fbf26c0b4956c","","0","0","0","0.00000022879683036","0","","","","Fulfill Basic Order_efficient_6GL6yc"
"0x05e16b4e8fce9f7bd8bc66985c661ba968652a5a160a96487174abcd483456d3","9455841","1761008784","2025-10-21 01:06:24","0x9c77c6fafc1eb0821f1de12972ef0199c97c6e45","","0x64a47d84de05b9efda4f63fbca2fc8ceb96e6816","0","0","0","0.000002808581468472","0","","","","0x60803460"
"0x3a6f90c2ab652b75d5ca1edbbf944da412a99d0a6602b87debee931ab02be5d6","9455841","1761008784","2025-10-21 01:06:24","0x9c77c6fafc1eb0821f1de12972ef0199c97c6e45","","0x9486f6c9d28ecdd95aba5bfa6188bbc104d89c3e","0","0","0","0.000002918886350904","0","","","","0x60806040"
"0x702bc779421081a2046eb37b718daeb27ed8e4f7bedb7491757049d08d7a7c00","9455841","1761008784","2025-10-21 01:06:24","0x9c77c6fafc1eb0821f1de12972ef0199c97c6e45","","0x5db7cdb7601f9abcfc5089d66b1a3525471bf2ab","0","0","0","0.000000966095728704","0","","","","0x60803460"
"0x26f1138549ba86f0c852eb8fb5ce54baf1228455950fd147b889b0667929f819","9455841","1761008784","2025-10-21 01:06:24","0x9c77c6fafc1eb0821f1de12972ef0199c97c6e45","","0xa4ba4e9270bde8fbbf4328925959287a72ba0a55","0","0","0","0.000003795239361672","0","","","","0x60803460"
"0x25e5618c1842c5f9acea3471f0151bbab9aaf535d04540598f82beafd79c2b0b","9455841","1761008784","2025-10-21 01:06:24","0x9c77c6fafc1eb0821f1de12972ef0199c97c6e45","","0x3d6cb29a1f97a2cff7a48af96f7ed3a02f6aa38e","0","0","0","0.0000004441535532","0","","","","0x60803460"
"0x715893a118527784c5de1a0f10ff6c75460dce3c1efc7c16f21c97c4af9e82cd","9455841","1761008784","2025-10-21 01:06:24","0x9c77c6fafc1eb0821f1de12972ef0199c97c6e45","0x64a47d84de05b9efda4f63fbca2fc8ceb96e6816","","0","0","0","0.000000067498539984","0","","","","_setup Estimator And Evvm"
"0xa8486d2cfce0822ce1f142d4a6ac8747946930ce7fa586607d2be82ff0a47d15","9455841","1761008784","2025-10-21 01:06:24","0x9c77c6fafc1eb0821f1de12972ef0199c97c6e45","0x9486f6c9d28ecdd95aba5bfa6188bbc104d89c3e","","0","0","0","0.000000115661925288","0","","","","_setup Name Service And Treasury Address"
"0x2cd62f56512e4be22fc1c05fdecdd0a3f34f763f01c6e704d529bb556481fab9","9456162","1761012864","2025-10-21 02:14:24","0x9c77c6fafc1eb0821f1de12972ef0199c97c6e45","0x389dc8fb09211bbda841d59f4a51160da2377832","","0","0","0","0.000000101278797442","0","","","","Register Evvm"
"0x6313a4be677e62b8c6fa54cc7a6957357b809eb4ae6c63da46e2ddea9e192168","9456737","1761020436","2025-10-21 04:20:36","0x9c77c6fafc1eb0821f1de12972ef0199c97c6e45","0x9486f6c9d28ecdd95aba5bfa6188bbc104d89c3e","","0","0","0","0.000000058687528183","0","","","","Recalculate Reward"
"0xb15d7be5fb4e366137e205bb6625bf77ed64f65c45c7b0d1c8a80e71ff6cdbef","9456802","1761021360","2025-10-21 04:36:00","0x9c77c6fafc1eb0821f1de12972ef0199c97c6e45","0x9486f6c9d28ecdd95aba5bfa6188bbc104d89c3e","","0","0","0","0.000000041587499044","0","","","","Recalculate Reward"
"0x787dd01f088a10763b922de5f84a3204ca0a5a4c7743a674a405f3f52087dd3f","9456807","1761021420","2025-10-21 04:37:00","0x9c77c6fafc1eb0821f1de12972ef0199c97c6e45","0x9486f6c9d28ecdd95aba5bfa6188bbc104d89c3e","","0","0","0","0.00000004158741587","0","","","","Recalculate Reward"
"0x8f7ac2a28d627ef7b7ee61e47cbc66d7d65a18085f86d423a5e2475454753a27","9456841","1761021864","2025-10-21 04:44:24","0x9c77c6fafc1eb0821f1de12972ef0199c97c6e45","0x9486f6c9d28ecdd95aba5bfa6188bbc104d89c3e","","0","0","0","0.000000043666266826","0","","","","Recalculate Reward"
"0x79735634d9ea93f61e37f6658c3df77827786be5eab931fa91b55bec230be858","9482415","1761336864","2025-10-24 20:14:24","0x9c77c6fafc1eb0821f1de12972ef0199c97c6e45","0x9486f6c9d28ecdd95aba5bfa6188bbc104d89c3e","","0","0","0","0.000000033631508286","0","","","","Add Balance"
"0x486bc6ba8965c40b6665f6041de362b86225beb8917e33eafc56dd94c5242958","9483459","1761349392","2025-10-24 23:43:12","0x9c77c6fafc1eb0821f1de12972ef0199c97c6e45","0xcac524bca292aaade2df8a05cc58f0a65b1b3bb9","","0","0","0","0.0000000721728","0","","","","Approve"
"0x2b72507257bc441e3d66fb4c74636aa5399e1a2eef7982410cc04b81d0a71696","9483463","1761349440","2025-10-24 23:44:00","0x9c77c6fafc1eb0821f1de12972ef0199c97c6e45","0x3d6cb29a1f97a2cff7a48af96f7ed3a02f6aa38e","","0","0","0","0.0000001204392","0","","","","Deposit"
"0xfae0323928f618ccdbed794ad02e9620a4588d200eddafa3172966d7f09c3e35","9483489","1761349764","2025-10-24 23:49:24","0x9c77c6fafc1eb0821f1de12972ef0199c97c6e45","0x3d6cb29a1f97a2cff7a48af96f7ed3a02f6aa38e","","0","0","0","0.00000010579528162","0","","","","Withdraw"
"0x6ed3d819841557041eeece44df92680a2a3546c2d07eaf92a5862969219fefdd","9488599","1761412908","2025-10-25 17:21:48","0x9c77c6fafc1eb0821f1de12972ef0199c97c6e45","0xcac524bca292aaade2df8a05cc58f0a65b1b3bb9","","0","0","0","0.000000072173581872","0","","","","Approve"
"0x8b3abbf0f46c54d4aba3c18b699132d1cb6a2c53f913a9f899500111de71894b","9488602","1761412944","2025-10-25 17:22:24","0x9c77c6fafc1eb0821f1de12972ef0199c97c6e45","0x3d6cb29a1f97a2cff7a48af96f7ed3a02f6aa38e","","0","0","0","0.000000079399993992","0","","","","Deposit"
"0x5100f33fa9cc1c4a31097c4f9e65c393f1446de021cd288fa8464aa191435cc0","9488696","1761414072","2025-10-25 17:41:12","0x9c77c6fafc1eb0821f1de12972ef0199c97c6e45","0x9486f6c9d28ecdd95aba5bfa6188bbc104d89c3e","","0","0","0","0.000000178375794584","0","","","","Pay"
"0x32771d2aaea144d3f34a5ffc4631fb3aa176e2076e6ad6c5fb1ed4ba08a573c7","9488752","1761414744","2025-10-25 17:52:24","0x9c77c6fafc1eb0821f1de12972ef0199c97c6e45","0x843914e5bbdbe92296f2c3d895d424301b3517fc","","0","0.01","0","0.000000025200294","0","","","","Transfer"
"0x94d48d9e44a95515317c376d102b42139237466a2c2e5adad5170b36abb3f843","9488770","1761414960","2025-10-25 17:56:00","0x9c77c6fafc1eb0821f1de12972ef0199c97c6e45","0x3d6cb29a1f97a2cff7a48af96f7ed3a02f6aa38e","","0","0","0","0.000000094303278586","0","","","","Withdraw"
"0x6c42d4f511a3233a422f6e76c68dfb0f0f328c217bc9035cbe95140bfe32e314","9488863","1761416100","2025-10-25 18:15:00","0x9c77c6fafc1eb0821f1de12972ef0199c97c6e45","0xcac524bca292aaade2df8a05cc58f0a65b1b3bb9","","0","0","0","0.000000072187861716","0","","","","Approve"
"0x5acb51e454100580d7f1f06ff989ae2acd2116e10d946b1a7b54034fa3cd7ca4","9488867","1761416148","2025-10-25 18:15:48","0x9c77c6fafc1eb0821f1de12972ef0199c97c6e45","0x3d6cb29a1f97a2cff7a48af96f7ed3a02f6aa38e","","0","0","0","0.000000120454704158","0","","","","Deposit"
"0x5c2dfbb1fefe6379eda435575b78b49484aa0ed44c087a26bb164e4f16587c5d","9489396","1761422508","2025-10-25 20:01:48","0x9c77c6fafc1eb0821f1de12972ef0199c97c6e45","0x9486f6c9d28ecdd95aba5bfa6188bbc104d89c3e","","0","0","0","0.000000049904857457","0","","","","Recalculate Reward"
"0x6ac6191a77d50c296d50e0f5834ef3c906d78aa0ff952f9651dc80c4ea3736f1","9489400","1761422556","2025-10-25 20:02:36","0x9c77c6fafc1eb0821f1de12972ef0199c97c6e45","0x9486f6c9d28ecdd95aba5bfa6188bbc104d89c3e","","0","0","0","0.000000157855446995","0","","","","Pay"
"0xe1e8e333bb402e7cfd4d97535cbf460fdb0be05cffe321a85012ef98b1ac85fd","9489402","1761422580","2025-10-25 20:03:00","0x9c77c6fafc1eb0821f1de12972ef0199c97c6e45","0x9486f6c9d28ecdd95aba5bfa6188bbc104d89c3e","","0","0","0","0.00000003820835024","0","","Error(0)","execution reverted","0x8925c62c"
"0xaf9d6fd7b43e52e79599488e6af235468126b77ca87fa2609b54813a0ca1de56","9489416","1761422748","2025-10-25 20:05:48","0x9c77c6fafc1eb0821f1de12972ef0199c97c6e45","0x9486f6c9d28ecdd95aba5bfa6188bbc104d89c3e","","0","0","0","0.00000003820835024","0","","Error(0)","execution reverted","0x8925c62c"
"0x57ea319a7dd6896a33a7f844404ec64875a148583681cc417060da3dec325184","9489467","1761423360","2025-10-25 20:16:00","0x9c77c6fafc1eb0821f1de12972ef0199c97c6e45","0x9486f6c9d28ecdd95aba5bfa6188bbc104d89c3e","","0","0","0","0.0000001388808","0","","","","Pay"
"0xe46fb0276ffe647b523ada8b389305176aafa5a314b9d049b7488d510abe5e2e","9489750","1761426768","2025-10-25 21:12:48","0x9c77c6fafc1eb0821f1de12972ef0199c97c6e45","0x9486f6c9d28ecdd95aba5bfa6188bbc104d89c3e","","0","0","0","0.00000004990481587","0","","","","Recalculate Reward"
"0x946ce16db6cfc09f22fe9bb9ef71752a9c3caec8069ee13ec304010200ad5b25","9489761","1761426900","2025-10-25 21:15:00","0x9c77c6fafc1eb0821f1de12972ef0199c97c6e45","0x9486f6c9d28ecdd95aba5bfa6188bbc104d89c3e","","0","0","0","0.00000013909075908","0","","","","Pay"
"0x88f74b933fb7d2a5379a7964762f5efc638cb62ccd7626b208a3167e5fffd0bd","9490403","1761434616","2025-10-25 23:23:36","0x9c77c6fafc1eb0821f1de12972ef0199c97c6e45","0x9486f6c9d28ecdd95aba5bfa6188bbc104d89c3e","","0","0","0","0.00000004990481587","0","","","","Recalculate Reward"
"0x54cd926e65dbb3c86f073debb6f4a0284551ef82fee6c92f59c0ea085f62ed1d","9491201","1761444192","2025-10-26 02:03:12","0x9c77c6fafc1eb0821f1de12972ef0199c97c6e45","","0x74f7a28af1241cfbec7c6dbf5e585afc18832a9a","0","0","0","0.000001034442","0","","","","0x60c08060"
"0xf64271fa5eac92d6eaa24921660b469446eaec3fcd85ae7f9fb44ecca23d47d9","9491209","1761444288","2025-10-26 02:04:48","0x9c77c6fafc1eb0821f1de12972ef0199c97c6e45","","0x068e9091e430786133439258c4beed696939405e","0","0","0","0.000001034058","0","","","","0x60c08060"
"0x25b4174023e1d96776583882167e40e49977b564f3fa0af90703393b445305dd","9493090","1761466932","2025-10-26 08:22:12","0x9c77c6fafc1eb0821f1de12972ef0199c97c6e45","0xcac524bca292aaade2df8a05cc58f0a65b1b3bb9","","0","0","0","0.000000072173461584","0","","","","Approve"
"0xef205c92e7a8203207a00c352f159ea69bea5fb0c25b5c99881bda89ee73ea88","9493092","1761466956","2025-10-26 08:22:36","0x9c77c6fafc1eb0821f1de12972ef0199c97c6e45","0x3d6cb29a1f97a2cff7a48af96f7ed3a02f6aa38e","","0","0","0","0.000000079399927826","0","","","","Deposit"
"0xa8a5d33e30abfb0c146c78fbbf59092de884334c20209a659c91093a58769191","9493149","1761467640","2025-10-26 08:34:00","0x9c77c6fafc1eb0821f1de12972ef0199c97c6e45","0x9486f6c9d28ecdd95aba5bfa6188bbc104d89c3e","","0","0","0","0.00000004990481587","0","","","","Recalculate Reward"
"0x00093347974fcbc05cbcdf90136a058b2de808d4c32f06c105e8c80716925ec3","9493212","1761468396","2025-10-26 08:46:36","0x9c77c6fafc1eb0821f1de12972ef0199c97c6e45","0x9486f6c9d28ecdd95aba5bfa6188bbc104d89c3e","","0","0","0","0.000000049904857457","0","","","","Recalculate Reward"
"0x593c18708a4dcf27ce0a6ac8294f7c2e344d99462a652004864b94a1c5f63554","9493213","1761468408","2025-10-26 08:46:48","0x9c77c6fafc1eb0821f1de12972ef0199c97c6e45","0x9486f6c9d28ecdd95aba5bfa6188bbc104d89c3e","","0","0","0","0.000000049904857457","0","","","","Recalculate Reward"
"0x03a9c8bbeacd45cf04323623de4efa61814ee38fa1f6a933bfd1394cd07f9fe1","9493214","1761468420","2025-10-26 08:47:00","0x9c77c6fafc1eb0821f1de12972ef0199c97c6e45","0x9486f6c9d28ecdd95aba5bfa6188bbc104d89c3e","","0","0","0","0.000000049904857457","0","","","","Recalculate Reward"
"0x49378fc92b69dd199fdaa57ba1416aaa9bb1e571facf8ecd9799f01501a348da","9493224","1761468540","2025-10-26 08:49:00","0x9c77c6fafc1eb0821f1de12972ef0199c97c6e45","0x9486f6c9d28ecdd95aba5bfa6188bbc104d89c3e","","0","0","0","0.000000033717909078","0","","","","Add Balance"
"0x0fe224ab78749d42fe5172e8fa70db6275025ee6d72e214d2d4664cee8263a33","9493227","1761468576","2025-10-26 08:49:36","0x9c77c6fafc1eb0821f1de12972ef0199c97c6e45","0x9486f6c9d28ecdd95aba5bfa6188bbc104d89c3e","","0","0","0","0.000000033717909078","0","","","","Add Balance"
"0xe805959dc147a7a25a6870fff6ad620f9d945d39403ae004baf8e791167a68d1","9493228","1761468588","2025-10-26 08:49:48","0x9c77c6fafc1eb0821f1de12972ef0199c97c6e45","0x9486f6c9d28ecdd95aba5bfa6188bbc104d89c3e","","0","0","0","0.000000033717909078","0","","","","Add Balance"
"0xeebd8b8dfe6cc76e251db07a0708a74fbc31a0bf2a66b997a5376b8df4d41932","9493231","1761468624","2025-10-26 08:50:24","0x9c77c6fafc1eb0821f1de12972ef0199c97c6e45","0x9486f6c9d28ecdd95aba5bfa6188bbc104d89c3e","","0","0","0","0.0000000337176","0","","","","Add Balance"
"0xad7e303caa1d8d0b9737aecccbe6c66de8b13775ece6db3c513462d2bd3c4d5d","9493232","1761468636","2025-10-26 08:50:36","0x9c77c6fafc1eb0821f1de12972ef0199c97c6e45","0x9486f6c9d28ecdd95aba5bfa6188bbc104d89c3e","","0","0","0","0.0000000337176","0","","","","Add Balance"
"0xc01dbd065b531a6fd77fa47d61ade483dac32bd23dd3756d4441a5438a754440","9493248","1761468828","2025-10-26 08:53:48","0x9c77c6fafc1eb0821f1de12972ef0199c97c6e45","0x9486f6c9d28ecdd95aba5bfa6188bbc104d89c3e","","0","0","0","0.0000001390164","0","","","","Pay"
"0x86b67dc35f853f8f6a0c1e9026e022c4c8f6444c6a9fb33a6124c387c8245a17","9493254","1761468900","2025-10-26 08:55:00","0x9c77c6fafc1eb0821f1de12972ef0199c97c6e45","0x9486f6c9d28ecdd95aba5bfa6188bbc104d89c3e","","0","0","0","0.000000139203676022","0","","","","Pay"
"0xcc17b61f5fdcf480f48774869703c08120ffda49ace1f0a40d9800b25b51a708","9493258","1761468948","2025-10-26 08:55:48","0x9c77c6fafc1eb0821f1de12972ef0199c97c6e45","0x9486f6c9d28ecdd95aba5bfa6188bbc104d89c3e","","0","0","0","0.00000013936927754","0","","","","Pay"
